{"cameraMode":{"drawMode":0,"name":"Shaded","section":"Shading Mode"},"sceneLighting":false,"audioPlay":false,"sceneViewState":{"m_AlwaysRefresh":true,"showFog":true,"showSkybox":true,"showFlares":true,"showImageEffects":true,"showParticleSystems":true,"showVisualEffectGraphs":true,"m_FxEnabled":true},"in2DMode":false,"pivot":{"x":942.0106201171875,"y":539.7717895507813,"z":-80.18096923828125},"rotation":{"x":0.22184807062149049,"y":0.029244521632790567,"z":-0.006647869478911161,"w":0.9746283888816834},"size":1312.772216796875,"orthographic":false}